TimeWindow_t,Origin_s,Destination_d,Demand_P
1,1,2,1
1,1,3,1
1,1,4,1
1,1,5,0
1,2,3,1
1,2,4,0
1,2,5,0
1,3,4,2
1,3,5,1
1,4,5,2
2,1,2,1
2,1,3,0
2,1,4,0
2,1,5,0
2,2,3,1
2,2,4,0
2,2,5,0
2,3,4,1
2,3,5,1
2,4,5,2
3,1,2,3
3,1,3,0
3,1,4,1
3,1,5,0
3,2,3,1
3,2,4,1
3,2,5,1
3,3,4,1
3,3,5,1
3,4,5,1
4,1,2,1
4,1,3,0
4,1,4,0
4,1,5,0
4,2,3,2
4,2,4,1
4,2,5,0
4,3,4,1
4,3,5,1
4,4,5,1
5,1,2,13
5,1,3,16
5,1,4,11
5,1,5,9
5,2,3,22
5,2,4,15
5,2,5,6
5,3,4,29
5,3,5,10
5,4,5,26
6,1,2,20
6,1,3,8
6,1,4,9
6,1,5,9
6,2,3,23
6,2,4,20
6,2,5,12
6,3,4,27
6,3,5,10
6,4,5,23
7,1,2,78
7,1,3,31
7,1,4,36
7,1,5,12
7,2,3,51
7,2,4,46
7,2,5,24
7,3,4,33
7,3,5,58
7,4,5,99
8,1,2,102
8,1,3,15
8,1,4,11
8,1,5,16
8,2,3,111
8,2,4,28
8,2,5,28
8,3,4,57
8,3,5,49
8,4,5,54
9,1,2,81
9,1,3,57
9,1,4,34
9,1,5,24
9,2,3,36
9,2,4,46
9,2,5,34
9,3,4,39
9,3,5,43
9,4,5,54
10,1,2,38
10,1,3,19
10,1,4,6
10,1,5,10
10,2,3,30
10,2,4,14
10,2,5,3
10,3,4,37
10,3,5,19
10,4,5,30
11,1,2,13
11,1,3,9
11,1,4,10
11,1,5,5
11,2,3,30
11,2,4,10
11,2,5,6
11,3,4,35
11,3,5,16
11,4,5,39
12,1,2,37
12,1,3,16
12,1,4,6
12,1,5,5
12,2,3,15
12,2,4,16
12,2,5,3
12,3,4,33
12,3,5,16
12,4,5,21
13,1,2,31
13,1,3,5
13,1,4,7
13,1,5,9
13,2,3,15
13,2,4,14
13,2,5,9
13,3,4,23
13,3,5,10
13,4,5,32
14,1,2,36
14,1,3,14
14,1,4,13
14,1,5,5
14,2,3,22
14,2,4,7
14,2,5,12
14,3,4,21
14,3,5,7
14,4,5,36
15,1,2,32
15,1,3,32
15,1,4,20
15,1,5,17
15,2,3,47
15,2,4,33
15,2,5,28
15,3,4,62
15,3,5,13
15,4,5,37
16,1,2,92
16,1,3,30
16,1,4,33
16,1,5,10
16,2,3,92
16,2,4,17
16,2,5,25
16,3,4,75
16,3,5,28
16,4,5,97
17,1,2,27
17,1,3,45
17,1,4,18
17,1,5,13
17,2,3,77
17,2,4,13
17,2,5,16
17,3,4,72
17,3,5,12
17,4,5,37
18,1,2,30
18,1,3,14
18,1,4,13
18,1,5,8
18,2,3,39
18,2,4,11
18,2,5,3
18,3,4,37
18,3,5,9
18,4,5,12
19,1,2,28
19,1,3,18
19,1,4,12
19,1,5,7
19,2,3,20
19,2,4,16
19,2,5,7
19,3,4,39
19,3,5,5
19,4,5,11
20,1,2,33
20,1,3,16
20,1,4,4
20,1,5,10
20,2,3,13
20,2,4,15
20,2,5,10
20,3,4,15
20,3,5,11
20,4,5,14
21,1,2,15
21,1,3,13
21,1,4,13
21,1,5,9
21,2,3,12
21,2,4,18
21,2,5,8
21,3,4,37
21,3,5,8
21,4,5,15
22,1,2,35
22,1,3,10
22,1,4,5
22,1,5,3
22,2,3,10
22,2,4,14
22,2,5,6
22,3,4,11
22,3,5,10
22,4,5,31
23,1,2,1
23,1,3,1
23,1,4,0
23,1,5,0
23,2,3,2
23,2,4,0
23,2,5,1
23,3,4,1
23,3,5,1
23,4,5,2
24,1,2,37
24,1,3,19
24,1,4,7
24,1,5,4
24,2,3,17
24,2,4,9
24,2,5,7
24,3,4,26
24,3,5,13
24,4,5,32
